"","entity_id","sample_id","interp_age","interp_age_uncert_pos","interp_age_uncert_neg","age_model_type","d13C_measurement","d13C_precision"
"1",277,204641,947.73,NA,NA,"linear",-7.9,0.1
"2",277,204642,948.51,NA,NA,"linear",-7.93,0.1
"3",277,204643,949.29,NA,NA,"linear",-7.9,0.1
"4",277,204644,950.07,NA,NA,"linear",-7.88,0.1
"5",277,204645,950.84,NA,NA,"linear",-7.87,0.1
"6",277,204646,951.62,NA,NA,"linear",-7.9,0.1
"7",277,204647,952.4,NA,NA,"linear",-7.9,0.1
"8",277,204648,953.17,NA,NA,"linear",-7.91,0.1
"9",277,204649,953.95,NA,NA,"linear",-7.95,0.1
"10",277,204650,954.73,NA,NA,"linear",-8.14,0.1
"11",277,204651,955.51,NA,NA,"linear",-8.16,0.1
"12",277,204652,956.28,NA,NA,"linear",-8.15,0.1
"13",277,204653,957.06,NA,NA,"linear",-8.08,0.1
"14",277,204654,957.84,NA,NA,"linear",-8.13,0.1
"15",277,204655,958.61,NA,NA,"linear",-8.19,0.1
"16",277,204656,959.39,NA,NA,"linear",-8.23,0.1
"17",277,204657,960.17,NA,NA,"linear",-8.33,0.1
"18",277,204658,960.94,NA,NA,"linear",-8.39,0.1
"19",277,204659,961.72,NA,NA,"linear",-8.42,0.1
"20",277,204660,962.5,NA,NA,"linear",-8.41,0.1
"21",277,204661,963.28,NA,NA,"linear",-8.34,0.1
"22",277,204662,964.05,NA,NA,"linear",-8.34,0.1
"23",277,204663,964.83,NA,NA,"linear",-8.34,0.1
"24",277,204664,965.61,NA,NA,"linear",-8.39,0.1
"25",277,204665,966.38,NA,NA,"linear",-8.41,0.1
"26",277,204666,967.16,NA,NA,"linear",-8.4,0.1
"27",277,204667,967.94,NA,NA,"linear",-8.38,0.1
"28",277,204668,968.72,NA,NA,"linear",-8.33,0.1
"29",277,204669,969.49,NA,NA,"linear",-8.36,0.1
"30",277,204670,970.27,NA,NA,"linear",-8.41,0.1
"31",277,204671,971.05,NA,NA,"linear",-8.47,0.1
"32",277,204672,971.82,NA,NA,"linear",-8.42,0.1
"33",277,204673,972.6,NA,NA,"linear",-8.34,0.1
"34",277,204674,973.38,NA,NA,"linear",-8.27,0.1
"35",277,204675,974.16,NA,NA,"linear",-8.24,0.1
"36",277,204676,974.93,NA,NA,"linear",-8.24,0.1
"37",277,204677,975.71,NA,NA,"linear",-8.28,0.1
"38",277,204678,976.49,NA,NA,"linear",-8.32,0.1
"39",277,204679,977.26,NA,NA,"linear",-8.18,0.1
"40",277,204680,978.04,NA,NA,"linear",-8.02,0.1
"41",277,204681,978.82,NA,NA,"linear",-7.86,0.1
"42",277,204682,979.6,NA,NA,"linear",-7.95,0.1
"43",277,204683,980.37,NA,NA,"linear",-8.03,0.1
"44",277,204684,981.15,NA,NA,"linear",-8.15,0.1
"45",277,204685,981.93,NA,NA,"linear",-8.16,0.1
"46",277,204686,982.7,NA,NA,"linear",-8.18,0.1
"47",277,204687,983.48,NA,NA,"linear",-8.17,0.1
"48",277,204688,984.26,NA,NA,"linear",-8.22,0.1
"49",277,204689,985.04,NA,NA,"linear",-8.33,0.1
"50",277,204690,985.81,NA,NA,"linear",-8.46,0.1
"51",277,204691,986.59,NA,NA,"linear",-8.56,0.1
"52",277,204692,987.37,NA,NA,"linear",-8.62,0.1
"53",277,204693,988.14,NA,NA,"linear",-8.7,0.1
"54",277,204694,988.92,NA,NA,"linear",-8.73,0.1
"55",277,204695,989.7,NA,NA,"linear",-8.72,0.1
"56",277,204696,990.48,NA,NA,"linear",-8.64,0.1
"57",277,204697,991.25,NA,NA,"linear",-8.61,0.1
"58",277,204698,992.03,NA,NA,"linear",-8.6,0.1
"59",277,204699,992.81,NA,NA,"linear",-8.62,0.1
"60",277,204700,993.58,NA,NA,"linear",-8.65,0.1
"61",277,204701,994.36,NA,NA,"linear",-8.71,0.1
"62",277,204702,995.14,NA,NA,"linear",-8.81,0.1
"63",277,204703,995.92,NA,NA,"linear",-8.87,0.1
"64",277,204704,996.69,NA,NA,"linear",-8.93,0.1
"65",277,204705,997.47,NA,NA,"linear",-8.91,0.1
"66",277,204706,998.25,NA,NA,"linear",-8.96,0.1
"67",277,204707,999.02,NA,NA,"linear",-8.95,0.1
"68",277,204708,999.8,NA,NA,"linear",-8.99,0.1
"69",277,204709,1000.58,NA,NA,"linear",-8.96,0.1
"70",277,204710,1001.35,NA,NA,"linear",-8.95,0.1
"71",277,204711,1002.13,NA,NA,"linear",-8.91,0.1
"72",277,204712,1002.91,NA,NA,"linear",-8.93,0.1
"73",277,204713,1003.69,NA,NA,"linear",-8.98,0.1
"74",277,204714,1004.46,NA,NA,"linear",-9.05,0.1
"75",277,204715,1005.24,NA,NA,"linear",-9.12,0.1
"76",277,204716,1006.02,NA,NA,"linear",-9.17,0.1
"77",277,204717,1006.79,NA,NA,"linear",-9.17,0.1
"78",277,204718,1007.57,NA,NA,"linear",-9.08,0.1
"79",277,204719,1008.35,NA,NA,"linear",-8.98,0.1
"80",277,204720,1009.13,NA,NA,"linear",-8.86,0.1
"81",277,204721,1009.9,NA,NA,"linear",-8.73,0.1
"82",277,204722,1010.68,NA,NA,"linear",-8.61,0.1
"83",277,204723,1011.46,NA,NA,"linear",-8.56,0.1
"84",277,204724,1012.23,NA,NA,"linear",-8.5,0.1
"85",277,204725,1013.01,NA,NA,"linear",-8.47,0.1
"86",277,204726,1013.79,NA,NA,"linear",-8.34,0.1
"87",277,204727,1014.57,NA,NA,"linear",-8.22,0.1
"88",277,204728,1015.34,NA,NA,"linear",-8.19,0.1
"89",277,204729,1016.12,NA,NA,"linear",-8.13,0.1
"90",277,204730,1016.9,NA,NA,"linear",-8.11,0.1
"91",277,204731,1017.67,NA,NA,"linear",-8.05,0.1
"92",277,204732,1018.45,NA,NA,"linear",-8.02,0.1
"93",277,204733,1019.23,NA,NA,"linear",-7.92,0.1
"94",277,204734,1020.01,NA,NA,"linear",-7.8,0.1
"95",277,204735,1020.78,NA,NA,"linear",-7.72,0.1
"96",277,204736,1021.56,NA,NA,"linear",-7.68,0.1
"97",277,204737,1022.34,NA,NA,"linear",-7.64,0.1
"98",277,204738,1023.11,NA,NA,"linear",-7.63,0.1
"99",277,204739,1023.89,NA,NA,"linear",-7.63,0.1
"100",277,204740,1024.67,NA,NA,"linear",-7.66,0.1
"101",277,204741,1025.45,NA,NA,"linear",-7.59,0.1
"102",277,204742,1026.24,NA,NA,"linear",-7.51,0.1
"103",277,204743,1027.02,NA,NA,"linear",-7.46,0.1
"104",277,204744,1027.81,NA,NA,"linear",-7.58,0.1
"105",277,204745,1028.6,NA,NA,"linear",-7.78,0.1
"106",277,204746,1029.38,NA,NA,"linear",-7.83,0.1
"107",277,204747,1030.17,NA,NA,"linear",-7.91,0.1
"108",277,204748,1030.95,NA,NA,"linear",-8.01,0.1
"109",277,204749,1031.74,NA,NA,"linear",-8.12,0.1
"110",277,204750,1032.52,NA,NA,"linear",-8.21,0.1
"111",277,204751,1033.31,NA,NA,"linear",-8.31,0.1
"112",277,204752,1034.09,NA,NA,"linear",-8.31,0.1
"113",277,204753,1034.88,NA,NA,"linear",-8.33,0.1
"114",277,204754,1035.66,NA,NA,"linear",-8.4,0.1
"115",277,204755,1036.45,NA,NA,"linear",-8.57,0.1
"116",277,204756,1037.24,NA,NA,"linear",-8.59,0.1
"117",277,204757,1038.02,NA,NA,"linear",-8.52,0.1
"118",277,204758,1038.81,NA,NA,"linear",-8.59,0.1
"119",277,204759,1039.59,NA,NA,"linear",-8.77,0.1
"120",277,204760,1040.38,NA,NA,"linear",-8.9,0.1
"121",277,204761,1041.16,NA,NA,"linear",-8.8,0.1
"122",277,204762,1041.95,NA,NA,"linear",-8.51,0.1
"123",277,204763,1042.73,NA,NA,"linear",-8.44,0.1
"124",277,204764,1043.52,NA,NA,"linear",-8.64,0.1
"125",277,204765,1044.3,NA,NA,"linear",-8.8,0.1
"126",277,204766,1045.09,NA,NA,"linear",-8.79,0.1
"127",277,204767,1045.87,NA,NA,"linear",-8.68,0.1
"128",277,204768,1046.66,NA,NA,"linear",-8.72,0.1
"129",277,204769,1047.45,NA,NA,"linear",-8.65,0.1
"130",277,204770,1048.23,NA,NA,"linear",-8.34,0.1
"131",277,204771,1049.02,NA,NA,"linear",-8.07,0.1
"132",277,204772,1049.8,NA,NA,"linear",-7.9,0.1
"133",277,204773,1050.59,NA,NA,"linear",-7.95,0.1
"134",277,204774,1051.37,NA,NA,"linear",-7.95,0.1
"135",277,204775,1052.16,NA,NA,"linear",-7.72,0.1
"136",277,204776,1052.94,NA,NA,"linear",-7.4,0.1
"137",277,204777,1053.73,NA,NA,"linear",-7.19,0.1
"138",277,204778,1054.51,NA,NA,"linear",-7.34,0.1
"139",277,204779,1055.3,NA,NA,"linear",-7.47,0.1
"140",277,204780,1056.09,NA,NA,"linear",-7.44,0.1
"141",277,204781,1056.87,NA,NA,"linear",-7.4,0.1
"142",277,204782,1057.66,NA,NA,"linear",-7.49,0.1
"143",277,204783,1058.44,NA,NA,"linear",-7.61,0.1
"144",277,204784,1059.23,NA,NA,"linear",-7.51,0.1
"145",277,204785,1060.01,NA,NA,"linear",-7.57,0.1
"146",277,204786,1060.8,NA,NA,"linear",-7.73,0.1
"147",277,204787,1061.58,NA,NA,"linear",-8.21,0.1
"148",277,204788,1062.37,NA,NA,"linear",-8.54,0.1
"149",277,204789,1063.15,NA,NA,"linear",-8.77,0.1
"150",277,204790,1063.94,NA,NA,"linear",-8.95,0.1
"151",277,204791,1064.73,NA,NA,"linear",-9.04,0.1
"152",277,204792,1065.51,NA,NA,"linear",-9.09,0.1
"153",277,204793,1066.3,NA,NA,"linear",-8.87,0.1
"154",277,204794,1067.08,NA,NA,"linear",-8.71,0.1
"155",277,204795,1067.87,NA,NA,"linear",-8.62,0.1
"156",277,204796,1068.65,NA,NA,"linear",-8.49,0.1
"157",277,204797,1069.44,NA,NA,"linear",-8.31,0.1
"158",277,204798,1070.22,NA,NA,"linear",-8.11,0.1
"159",277,204799,1071.01,NA,NA,"linear",-8.1,0.1
"160",277,204800,1071.79,NA,NA,"linear",-8.1,0.1
"161",277,204801,1072.58,NA,NA,"linear",-8.23,0.1
"162",277,204802,1073.36,NA,NA,"linear",-8.18,0.1
"163",277,204803,1074.15,NA,NA,"linear",-8.12,0.1
"164",277,204804,1074.94,NA,NA,"linear",-7.99,0.1
"165",277,204805,1075.72,NA,NA,"linear",-8.07,0.1
"166",277,204806,1076.51,NA,NA,"linear",-8.08,0.1
"167",277,204807,1077.29,NA,NA,"linear",-8.08,0.1
"168",277,204808,1078.08,NA,NA,"linear",-7.87,0.1
"169",277,204809,1078.86,NA,NA,"linear",-7.68,0.1
"170",277,204810,1079.65,NA,NA,"linear",-7.6,0.1
"171",277,204811,1080.43,NA,NA,"linear",-7.78,0.1
"172",277,204812,1081.22,NA,NA,"linear",-8.01,0.1
"173",277,204813,1082,NA,NA,"linear",-8.07,0.1
"174",277,204814,1082.79,NA,NA,"linear",-7.89,0.1
"175",277,204815,1083.58,NA,NA,"linear",-7.97,0.1
"176",277,204816,1084.36,NA,NA,"linear",-8.16,0.1
"177",277,204817,1085.15,NA,NA,"linear",-8.42,0.1
"178",277,204818,1085.93,NA,NA,"linear",-8.4,0.1
"179",277,204819,1086.72,NA,NA,"linear",-8.29,0.1
"180",277,204820,1087.5,NA,NA,"linear",-8.15,0.1
"181",277,204821,1088.29,NA,NA,"linear",-8,0.1
"182",277,204822,1089.07,NA,NA,"linear",-7.89,0.1
"183",277,204823,1089.86,NA,NA,"linear",-7.78,0.1
"184",277,204824,1090.64,NA,NA,"linear",-8.08,0.1
"185",277,204825,1091.43,NA,NA,"linear",-8.34,0.1
"186",277,204826,1092.22,NA,NA,"linear",-8.83,0.1
"187",277,204827,1093,NA,NA,"linear",-9.2,0.1
"188",277,204828,1093.79,NA,NA,"linear",-9.43,0.1
"189",277,204829,1094.57,NA,NA,"linear",-9.32,0.1
"190",277,204830,1095.36,NA,NA,"linear",-9.01,0.1
"191",277,204831,1096.14,NA,NA,"linear",-8.91,0.1
"192",277,204832,1096.93,NA,NA,"linear",-9.14,0.1
"193",277,204833,1097.71,NA,NA,"linear",-9.52,0.1
"194",277,204834,1098.5,NA,NA,"linear",-9.55,0.1
"195",277,204835,1099.28,NA,NA,"linear",-9.41,0.1
"196",277,204836,1100.07,NA,NA,"linear",-9.14,0.1
"197",277,204837,1100.85,NA,NA,"linear",-9,0.1
"198",277,204838,1101.64,NA,NA,"linear",-8.87,0.1
"199",277,204839,1102.43,NA,NA,"linear",-8.74,0.1
"200",277,204840,1103.21,NA,NA,"linear",-8.49,0.1
"201",277,204841,1104,NA,NA,"linear",-8.11,0.1
"202",277,204842,1104.78,NA,NA,"linear",-7.82,0.1
"203",277,204843,1105.57,NA,NA,"linear",-7.72,0.1
"204",277,204844,1106.35,NA,NA,"linear",-7.83,0.1
"205",277,204845,1107.14,NA,NA,"linear",-7.98,0.1
"206",277,204846,1107.92,NA,NA,"linear",-8.17,0.1
"207",277,204847,1108.71,NA,NA,"linear",-8.27,0.1
"208",277,204848,1109.49,NA,NA,"linear",-8.37,0.1
"209",277,204849,1114.84,NA,NA,"linear",-8.69,0.1
"210",277,204850,1115.44,NA,NA,"linear",-8.62,0.1
"211",277,204851,1116.04,NA,NA,"linear",-8.61,0.1
"212",277,204852,1116.64,NA,NA,"linear",-8.5,0.1
"213",277,204853,1117.24,NA,NA,"linear",-8.5,0.1
"214",277,204854,1117.84,NA,NA,"linear",-8.47,0.1
"215",277,204855,1118.45,NA,NA,"linear",-8.49,0.1
"216",277,204856,1119.05,NA,NA,"linear",-8.52,0.1
"217",277,204857,1119.65,NA,NA,"linear",-8.52,0.1
"218",277,204858,1120.25,NA,NA,"linear",-8.46,0.1
"219",277,204859,1120.85,NA,NA,"linear",-8.41,0.1
"220",277,204860,1121.45,NA,NA,"linear",-8.37,0.1
"221",277,204861,1122.06,NA,NA,"linear",-8.39,0.1
"222",277,204862,1122.66,NA,NA,"linear",-8.38,0.1
"223",277,204863,1123.26,NA,NA,"linear",-8.36,0.1
"224",277,204864,1123.86,NA,NA,"linear",-8.29,0.1
"225",277,204865,1124.46,NA,NA,"linear",-8.29,0.1
"226",277,204866,1125.06,NA,NA,"linear",-8.25,0.1
"227",277,204867,1125.67,NA,NA,"linear",-8.26,0.1
"228",277,204868,1126.27,NA,NA,"linear",-8.26,0.1
"229",277,204869,1126.87,NA,NA,"linear",-8.25,0.1
"230",277,204870,1127.47,NA,NA,"linear",-8.23,0.1
"231",277,204871,1128.07,NA,NA,"linear",-8.3,0.1
"232",277,204872,1128.67,NA,NA,"linear",-8.4,0.1
"233",277,204873,1129.27,NA,NA,"linear",-8.34,0.1
"234",277,204874,1129.88,NA,NA,"linear",-8.32,0.1
"235",277,204875,1130.48,NA,NA,"linear",-8.32,0.1
"236",277,204876,1131.08,NA,NA,"linear",-8.39,0.1
"237",277,204877,1131.68,NA,NA,"linear",-8.45,0.1
"238",277,204878,1132.28,NA,NA,"linear",-8.48,0.1
"239",277,204879,1132.88,NA,NA,"linear",-8.55,0.1
"240",277,204880,1133.49,NA,NA,"linear",-8.51,0.1
"241",277,204881,1134.09,NA,NA,"linear",-8.49,0.1
"242",277,204882,1134.69,NA,NA,"linear",-8.5,0.1
"243",277,204883,1135.29,NA,NA,"linear",-8.39,0.1
"244",277,204884,1135.89,NA,NA,"linear",-8.29,0.1
"245",277,204885,1136.49,NA,NA,"linear",-8.15,0.1
"246",277,204886,1137.1,NA,NA,"linear",-8.13,0.1
"247",277,204887,1137.7,NA,NA,"linear",-8.1,0.1
"248",277,204888,1138.3,NA,NA,"linear",-8.19,0.1
"249",277,204889,1138.9,NA,NA,"linear",-8.2,0.1
"250",277,204890,1139.5,NA,NA,"linear",-8.25,0.1
"251",277,204891,1140.1,NA,NA,"linear",-8.19,0.1
"252",277,204892,1140.7,NA,NA,"linear",-8.06,0.1
"253",277,204893,1141.31,NA,NA,"linear",-8.06,0.1
"254",277,204894,1141.91,NA,NA,"linear",-8,0.1
"255",277,204895,1142.51,NA,NA,"linear",-7.97,0.1
"256",277,204896,1143.11,NA,NA,"linear",-7.72,0.1
"257",277,204897,1143.71,NA,NA,"linear",-7.56,0.1
"258",277,204898,1144.31,NA,NA,"linear",-7.56,0.1
"259",277,204899,1144.92,NA,NA,"linear",-7.73,0.1
"260",277,204900,1145.52,NA,NA,"linear",-7.81,0.1
"261",277,204901,1146.12,NA,NA,"linear",-7.75,0.1
"262",277,204902,1146.72,NA,NA,"linear",-7.5,0.1
"263",277,204903,1147.32,NA,NA,"linear",-7.33,0.1
"264",277,204904,1147.92,NA,NA,"linear",-7.38,0.1
"265",277,204905,1148.52,NA,NA,"linear",-7.6,0.1
"266",277,204906,1149.13,NA,NA,"linear",-7.82,0.1
"267",277,204907,1149.73,NA,NA,"linear",-7.93,0.1
"268",277,204908,1150.33,NA,NA,"linear",-8.18,0.1
"269",277,204909,1150.93,NA,NA,"linear",-8.31,0.1
"270",277,204910,1151.53,NA,NA,"linear",-8.51,0.1
"271",277,204911,1152.13,NA,NA,"linear",-8.55,0.1
"272",277,204912,1152.74,NA,NA,"linear",-8.6,0.1
"273",277,204913,1153.34,NA,NA,"linear",-8.59,0.1
"274",277,204914,1153.94,NA,NA,"linear",-8.5,0.1
"275",277,204915,1154.54,NA,NA,"linear",-8.51,0.1
"276",277,204916,1155.14,NA,NA,"linear",-8.58,0.1
"277",277,204917,1155.74,NA,NA,"linear",-8.61,0.1
"278",277,204918,1156.35,NA,NA,"linear",-8.47,0.1
"279",277,204919,1156.95,NA,NA,"linear",-8.38,0.1
"280",277,204920,1157.55,NA,NA,"linear",-8.51,0.1
"281",277,204921,1158.15,NA,NA,"linear",-8.84,0.1
"282",277,204922,1158.75,NA,NA,"linear",-9.02,0.1
"283",277,204923,1159.35,NA,NA,"linear",-9.05,0.1
"284",277,204924,1159.95,NA,NA,"linear",-9.15,0.1
"285",277,204925,1160.56,NA,NA,"linear",-9.23,0.1
"286",277,204926,1161.16,NA,NA,"linear",-9.33,0.1
"287",277,204927,1161.76,NA,NA,"linear",-9.23,0.1
"288",277,204928,1162.36,NA,NA,"linear",-9.05,0.1
"289",277,204929,1162.96,NA,NA,"linear",-8.71,0.1
"290",277,204930,1163.56,NA,NA,"linear",-8.36,0.1
"291",277,204931,1164.17,NA,NA,"linear",-8.17,0.1
"292",277,204932,1164.77,NA,NA,"linear",-8.21,0.1
"293",277,204933,1165.37,NA,NA,"linear",-8.33,0.1
"294",277,204934,1165.97,NA,NA,"linear",-8.29,0.1
"295",277,204935,1166.57,NA,NA,"linear",-8.21,0.1
"296",277,204936,1167.17,NA,NA,"linear",-8.05,0.1
"297",277,204937,1167.78,NA,NA,"linear",-8.18,0.1
"298",277,204938,1168.38,NA,NA,"linear",-8.35,0.1
"299",277,204939,1168.98,NA,NA,"linear",-8.55,0.1
"300",277,204940,1169.58,NA,NA,"linear",-8.5,0.1
"301",277,204941,1170.18,NA,NA,"linear",-8.28,0.1
"302",277,204942,1170.78,NA,NA,"linear",-7.99,0.1
"303",277,204943,1171.38,NA,NA,"linear",-7.88,0.1
"304",277,204944,1171.99,NA,NA,"linear",-7.91,0.1
"305",277,204945,1172.59,NA,NA,"linear",-8.13,0.1
"306",277,204946,1173.19,NA,NA,"linear",-8.28,0.1
"307",277,204947,1173.79,NA,NA,"linear",-8.26,0.1
"308",277,204948,1174.39,NA,NA,"linear",-8.13,0.1
"309",277,204949,1174.99,NA,NA,"linear",-7.89,0.1
"310",277,204950,1175.6,NA,NA,"linear",-7.61,0.1
"311",277,204951,1176.2,NA,NA,"linear",-7.42,0.1
"312",277,204952,1176.8,NA,NA,"linear",-7.43,0.1
"313",277,204953,1177.4,NA,NA,"linear",-7.67,0.1
"314",277,204954,1178,NA,NA,"linear",-7.81,0.1
"315",277,204955,1178.6,NA,NA,"linear",-7.83,0.1
"316",277,204956,1179.2,NA,NA,"linear",-7.73,0.1
"317",277,204957,1179.81,NA,NA,"linear",-7.75,0.1
"318",277,204958,1180.41,NA,NA,"linear",-7.5,0.1
"319",277,204959,1181.01,NA,NA,"linear",-7.57,0.1
"320",277,204960,1181.61,NA,NA,"linear",-7.61,0.1
"321",277,204961,1182.21,NA,NA,"linear",-7.94,0.1
"322",277,204962,1182.81,NA,NA,"linear",-8,0.1
"323",277,204963,1183.42,NA,NA,"linear",-8.14,0.1
"324",277,204964,1184.02,NA,NA,"linear",-8.37,0.1
"325",277,204965,1184.62,NA,NA,"linear",-8.59,0.1
"326",277,204966,1185.22,NA,NA,"linear",-8.64,0.1
"327",277,204967,1185.82,NA,NA,"linear",-8.53,0.1
"328",277,204968,1186.42,NA,NA,"linear",-8.38,0.1
"329",277,204969,1187.03,NA,NA,"linear",-8.17,0.1
"330",277,204970,1187.63,NA,NA,"linear",-8.08,0.1
"331",277,204971,1188.23,NA,NA,"linear",-8.15,0.1
"332",277,204972,1188.83,NA,NA,"linear",-8.32,0.1
"333",277,204973,1189.43,NA,NA,"linear",-8.4,0.1
"334",277,204974,1190.03,NA,NA,"linear",-8.48,0.1
"335",277,204975,1190.63,NA,NA,"linear",-8.52,0.1
"336",277,204976,1191.24,NA,NA,"linear",-8.67,0.1
"337",277,204977,1191.84,NA,NA,"linear",-8.57,0.1
"338",277,204978,1192.44,NA,NA,"linear",-8.44,0.1
"339",277,204979,1193.04,NA,NA,"linear",-8.32,0.1
"340",277,204980,1193.64,NA,NA,"linear",-8.4,0.1
"341",277,204981,1194.24,NA,NA,"linear",-8.4,0.1
"342",277,204982,1194.85,NA,NA,"linear",-8.35,0.1
"343",277,204983,1195.45,NA,NA,"linear",-8.89,0.1
"344",277,204984,1196.05,NA,NA,"linear",-9.26,0.1
"345",277,204985,1196.65,NA,NA,"linear",-9.32,0.1
"346",277,204986,1197.25,NA,NA,"linear",-8.83,0.1
"347",277,204987,1197.85,NA,NA,"linear",-8.67,0.1
"348",277,204988,1198.46,NA,NA,"linear",-8.73,0.1
"349",277,204989,1199.06,NA,NA,"linear",-8.63,0.1
"350",277,204990,1199.66,NA,NA,"linear",-8.29,0.1
"351",277,204991,1200.26,NA,NA,"linear",-7.89,0.1
"352",277,204992,1200.86,NA,NA,"linear",-7.69,0.1
"353",277,204993,1201.46,NA,NA,"linear",-7.86,0.1
"354",277,204994,1202.06,NA,NA,"linear",-8.29,0.1
"355",277,204995,1202.67,NA,NA,"linear",-8.74,0.1
"356",277,204996,1203.27,NA,NA,"linear",-8.91,0.1
"357",277,204997,1203.87,NA,NA,"linear",-8.89,0.1
"358",277,204998,1204.47,NA,NA,"linear",-8.8,0.1
"359",277,204999,1205.07,NA,NA,"linear",-8.86,0.1
"360",277,205000,1205.67,NA,NA,"linear",-8.88,0.1
"361",277,205001,1206.28,NA,NA,"linear",-8.59,0.1
"362",277,205002,1206.88,NA,NA,"linear",-8.2,0.1
"363",277,205003,1207.48,NA,NA,"linear",-8.34,0.1
"364",277,205004,1208.08,NA,NA,"linear",-8.48,0.1
"365",277,205005,1208.68,NA,NA,"linear",-8.75,0.1
"366",277,205006,1209.28,NA,NA,"linear",-8.49,0.1
"367",277,205007,1209.89,NA,NA,"linear",-8.82,0.1
"368",277,205008,1210.49,NA,NA,"linear",-8.68,0.1
"369",277,205009,1211.09,NA,NA,"linear",-8.72,0.1
"370",277,205010,1211.69,NA,NA,"linear",-8.48,0.1
"371",277,205011,1212.29,NA,NA,"linear",-8.6,0.1
"372",277,205012,1212.89,NA,NA,"linear",-8.35,0.1
"373",277,205013,1213.49,NA,NA,"linear",-7.98,0.1
"374",277,205014,1214.1,NA,NA,"linear",-7.69,0.1
"375",277,205015,1214.7,NA,NA,"linear",-7.7,0.1
"376",277,205016,1215.3,NA,NA,"linear",-7.91,0.1
"377",277,205017,1215.9,NA,NA,"linear",-8.19,0.1
"378",277,205018,1216.5,NA,NA,"linear",-8.5,0.1
"379",277,205019,1217.1,NA,NA,"linear",-8.69,0.1
"380",277,205020,1217.71,NA,NA,"linear",-8.67,0.1
"381",277,205021,1218.31,NA,NA,"linear",-8.51,0.1
"382",277,205022,1218.91,NA,NA,"linear",-8.47,0.1
"383",277,205023,1219.51,NA,NA,"linear",-8.52,0.1
"384",277,205024,1220.11,NA,NA,"linear",-8.53,0.1
"385",277,205025,1220.71,NA,NA,"linear",-8.25,0.1
"386",277,205026,1221.31,NA,NA,"linear",-8.05,0.1
"387",277,205027,1221.92,NA,NA,"linear",-8,0.1
"388",277,205028,1222.52,NA,NA,"linear",-8.06,0.1
"389",277,205029,1223.12,NA,NA,"linear",-8.27,0.1
"390",277,205030,1223.72,NA,NA,"linear",-8.4,0.1
"391",277,205031,1224.32,NA,NA,"linear",-8.57,0.1
"392",277,205032,1224.92,NA,NA,"linear",-8.58,0.1
"393",277,205033,1225.53,NA,NA,"linear",-8.68,0.1
"394",277,205034,1226.13,NA,NA,"linear",-8.76,0.1
"395",277,205035,1226.73,NA,NA,"linear",-8.75,0.1
"396",277,205036,1227.33,NA,NA,"linear",-8.72,0.1
"397",277,205037,1227.93,NA,NA,"linear",-8.58,0.1
"398",277,205038,1228.53,NA,NA,"linear",-8.36,0.1
"399",277,205039,1229.14,NA,NA,"linear",-8.14,0.1
"400",277,205040,1229.74,NA,NA,"linear",-7.87,0.1
"401",277,205041,1230.34,NA,NA,"linear",-7.61,0.1
"402",277,205042,1230.94,NA,NA,"linear",-7.37,0.1
"403",277,205043,1231.54,NA,NA,"linear",-7.28,0.1
"404",277,205044,1232.14,NA,NA,"linear",-7.56,0.1
"405",277,205045,1232.74,NA,NA,"linear",-7.92,0.1
"406",277,205046,1233.35,NA,NA,"linear",-7.98,0.1
"407",277,205047,1233.95,NA,NA,"linear",-8.05,0.1
"408",277,205048,1234.55,NA,NA,"linear",-8.19,0.1
"409",277,205049,1235.15,NA,NA,"linear",-7.94,0.1
"410",277,205050,1235.75,NA,NA,"linear",-7.6,0.1
"411",277,205051,1236.35,NA,NA,"linear",-7.23,0.1
"412",277,205052,1236.96,NA,NA,"linear",-7.34,0.1
"413",277,205053,1237.56,NA,NA,"linear",-7.7,0.1
"414",277,205054,1238.16,NA,NA,"linear",-8,0.1
"415",277,205055,1238.76,NA,NA,"linear",-8.19,0.1
"416",277,205056,1239.36,NA,NA,"linear",-8.27,0.1
"417",277,205057,1239.96,NA,NA,"linear",-8.21,0.1
"418",277,205058,1240.57,NA,NA,"linear",-8.06,0.1
"419",277,205059,1241.17,NA,NA,"linear",-7.87,0.1
"420",277,205060,1241.77,NA,NA,"linear",-7.73,0.1
"421",277,205061,1242.37,NA,NA,"linear",-7.58,0.1
"422",277,205062,1242.97,NA,NA,"linear",-7.51,0.1
"423",277,205063,1243.57,NA,NA,"linear",-7.53,0.1
"424",277,205064,1244.17,NA,NA,"linear",-7.57,0.1
"425",277,205065,1244.78,NA,NA,"linear",-7.56,0.1
"426",277,205066,1245.38,NA,NA,"linear",-7.58,0.1
"427",277,205067,1245.98,NA,NA,"linear",-7.55,0.1
"428",277,205068,1246.58,NA,NA,"linear",-7.57,0.1
"429",277,205069,1247.18,NA,NA,"linear",-7.49,0.1
"430",277,205070,1247.78,NA,NA,"linear",-7.55,0.1
"431",277,205071,1248.39,NA,NA,"linear",-7.59,0.1
"432",277,205072,1248.99,NA,NA,"linear",-7.63,0.1
"433",277,205073,1249.59,NA,NA,"linear",-7.63,0.1
"434",277,205074,1250.19,NA,NA,"linear",-7.71,0.1
"435",277,205075,1250.79,NA,NA,"linear",-7.73,0.1
"436",277,205076,1251.39,NA,NA,"linear",-7.74,0.1
"437",277,205077,1251.99,NA,NA,"linear",-7.82,0.1
"438",277,205078,1252.6,NA,NA,"linear",-8.03,0.1
"439",277,205079,1253.2,NA,NA,"linear",-8.25,0.1
"440",277,205080,1253.8,NA,NA,"linear",-8.34,0.1
"441",277,205081,1254.4,NA,NA,"linear",-8.26,0.1
"442",277,205082,1255,NA,NA,"linear",-8.22,0.1
"443",277,205083,1255.6,NA,NA,"linear",-7.84,0.1
"444",277,205084,1256.21,NA,NA,"linear",-7.59,0.1
"445",277,205085,1256.81,NA,NA,"linear",-7.67,0.1
"446",277,205086,1257.41,NA,NA,"linear",-7.65,0.1
"447",277,205087,1258.01,NA,NA,"linear",-7.71,0.1
"448",277,205088,1268.5,NA,NA,"linear",-8.13,0.1
"449",277,205089,1280.37,NA,NA,"linear",-8.02,0.1
"450",277,205090,1292.23,NA,NA,"linear",-7.86,0.1
"451",277,205091,1304.1,NA,NA,"linear",-7.84,0.1
"452",277,205092,1315.97,NA,NA,"linear",-7.68,0.1
"453",277,205093,1327.83,NA,NA,"linear",-7.5,0.1
"454",277,205094,1339.7,NA,NA,"linear",-7.28,0.1
"455",277,205095,1351.57,NA,NA,"linear",-7.26,0.1
"456",277,205096,1363.43,NA,NA,"linear",-7.58,0.1
"457",277,205097,1375.3,NA,NA,"linear",-8.16,0.1
"458",277,205098,1387.17,NA,NA,"linear",-8.21,0.1
"459",277,205099,1399.03,NA,NA,"linear",-8.12,0.1
"460",277,205101,2743.32,NA,NA,"linear",-7.67,0.1
"461",277,205102,2750.26,NA,NA,"linear",-7.78,0.1
"462",277,205103,2757.2,NA,NA,"linear",-8.06,0.1
"463",277,205104,2764.14,NA,NA,"linear",-8.18,0.1
"464",277,205105,2771.08,NA,NA,"linear",-8.22,0.1
"465",277,205106,2778.01,NA,NA,"linear",-8.5,0.1
"466",277,205107,2784.95,NA,NA,"linear",-9.1,0.1
"467",277,205108,2791.89,NA,NA,"linear",-9.65,0.1
"468",277,205109,2798.83,NA,NA,"linear",-9.9,0.1
"469",277,205110,2805.77,NA,NA,"linear",-10.1,0.1
"470",277,205111,2812.7,NA,NA,"linear",-10.25,0.1
"471",277,205112,2819.64,NA,NA,"linear",-10.31,0.1
"472",277,205113,2826.58,NA,NA,"linear",-10.25,0.1
"473",277,205114,2833.52,NA,NA,"linear",-10.14,0.1
"474",277,205115,2840.45,NA,NA,"linear",-10.01,0.1
"475",277,205116,2847.39,NA,NA,"linear",-9.72,0.1
"476",277,205117,2854.33,NA,NA,"linear",-9.53,0.1
"477",277,205118,2861.27,NA,NA,"linear",-9.38,0.1
"478",277,205119,2868.21,NA,NA,"linear",-9.34,0.1
"479",277,205120,2875.14,NA,NA,"linear",-9.31,0.1
"480",277,205121,2882.08,NA,NA,"linear",-9.35,0.1
"481",277,205122,2889.02,NA,NA,"linear",-9.35,0.1
"482",277,205123,2895.96,NA,NA,"linear",-9.11,0.1
"483",277,205124,2902.9,NA,NA,"linear",-9,0.1
"484",277,205125,2909.83,NA,NA,"linear",-9.36,0.1
"485",277,205126,2931.11,NA,NA,"linear",-10.15,0.1
"486",277,205127,2952.39,NA,NA,"linear",-10.64,0.1
"487",277,205128,2973.66,NA,NA,"linear",-10.79,0.1
"488",277,205129,2994.94,NA,NA,"linear",-10.68,0.1
"489",277,205130,3016.21,NA,NA,"linear",-10.57,0.1
"490",277,205131,3037.49,NA,NA,"linear",-10.2,0.1
"491",277,205132,3058.77,NA,NA,"linear",-10.19,0.1
"492",277,205133,3080.04,NA,NA,"linear",-10.2,0.1
"493",277,205134,3101.32,NA,NA,"linear",-10.22,0.1
"494",277,205135,3122.59,NA,NA,"linear",-9.82,0.1
"495",277,205136,3143.87,NA,NA,"linear",-9.34,0.1
"496",277,205137,3165.15,NA,NA,"linear",-9.3,0.1
"497",277,205138,3186.42,NA,NA,"linear",-9.58,0.1
"498",277,205139,3207.7,NA,NA,"linear",-9.98,0.1
"499",277,205140,3228.97,NA,NA,"linear",-9.97,0.1
"500",277,205141,3250.25,NA,NA,"linear",-10.03,0.1
"501",277,205142,3271.53,NA,NA,"linear",-9.89,0.1
"502",277,205143,3292.8,NA,NA,"linear",-10.1,0.1
"503",277,205144,3314.08,NA,NA,"linear",-10.04,0.1
"504",277,205145,3335.35,NA,NA,"linear",-10.18,0.1
"505",277,205146,3356.63,NA,NA,"linear",-10.17,0.1
"506",277,205147,3377.91,NA,NA,"linear",-10.16,0.1
"507",277,205148,3399.18,NA,NA,"linear",-10.03,0.1
"508",277,205149,3420.46,NA,NA,"linear",-9.17,0.1
"509",277,205150,3441.73,NA,NA,"linear",-8.71,0.1
"510",277,205151,3456.76,NA,NA,"linear",-7.93,0.1
"511",277,205152,3457.44,NA,NA,"linear",-7.96,0.1
"512",277,205153,3458.12,NA,NA,"linear",-7.97,0.1
"513",277,205154,3458.8,NA,NA,"linear",-7.91,0.1
"514",277,205155,3459.48,NA,NA,"linear",-7.85,0.1
"515",277,205156,3460.16,NA,NA,"linear",-7.65,0.1
"516",277,205157,3460.84,NA,NA,"linear",-7.54,0.1
"517",277,205158,3461.52,NA,NA,"linear",-7.41,0.1
"518",277,205159,3462.2,NA,NA,"linear",-7.46,0.1
"519",277,205160,3462.88,NA,NA,"linear",-7.45,0.1
"520",277,205161,3463.56,NA,NA,"linear",-7.37,0.1
"521",277,205162,3464.24,NA,NA,"linear",-7.37,0.1
"522",277,205163,3464.92,NA,NA,"linear",-7.47,0.1
"523",277,205164,3465.6,NA,NA,"linear",-7.57,0.1
"524",277,205165,3466.28,NA,NA,"linear",-7.67,0.1
"525",277,205166,3466.96,NA,NA,"linear",-7.68,0.1
"526",277,205167,3467.63,NA,NA,"linear",-7.71,0.1
"527",277,205168,3468.31,NA,NA,"linear",-7.77,0.1
"528",277,205169,3468.99,NA,NA,"linear",-7.81,0.1
"529",277,205170,3469.67,NA,NA,"linear",-7.95,0.1
"530",277,205171,3470.35,NA,NA,"linear",-8.03,0.1
"531",277,205172,3471.03,NA,NA,"linear",-8.2,0.1
"532",277,205173,3471.71,NA,NA,"linear",-8.36,0.1
"533",277,205174,3472.39,NA,NA,"linear",-8.47,0.1
"534",277,205175,3473.07,NA,NA,"linear",-8.5,0.1
"535",277,205176,3473.75,NA,NA,"linear",-8.58,0.1
"536",277,205177,3474.43,NA,NA,"linear",-8.64,0.1
"537",277,205178,3475.11,NA,NA,"linear",-8.67,0.1
"538",277,205179,3475.79,NA,NA,"linear",-8.51,0.1
"539",277,205180,3476.47,NA,NA,"linear",-8.26,0.1
"540",277,205181,3477.15,NA,NA,"linear",-8.08,0.1
"541",277,205182,3477.83,NA,NA,"linear",-8.1,0.1
"542",277,205183,3478.51,NA,NA,"linear",-8.29,0.1
"543",277,205184,3479.19,NA,NA,"linear",-8.5,0.1
"544",277,205185,3479.87,NA,NA,"linear",-8.72,0.1
"545",277,205186,3480.55,NA,NA,"linear",-8.97,0.1
"546",277,205187,3481.23,NA,NA,"linear",-9.23,0.1
"547",277,205188,3481.91,NA,NA,"linear",-9.32,0.1
"548",277,205189,3482.59,NA,NA,"linear",-9.22,0.1
"549",277,205190,3483.27,NA,NA,"linear",-8.98,0.1
"550",277,205191,3483.95,NA,NA,"linear",-8.92,0.1
"551",277,205192,3484.63,NA,NA,"linear",-8.94,0.1
"552",277,205193,3485.31,NA,NA,"linear",-9.06,0.1
"553",277,205194,3485.99,NA,NA,"linear",-9.03,0.1
"554",277,205195,3486.67,NA,NA,"linear",-9.05,0.1
"555",277,205196,3487.35,NA,NA,"linear",-9.02,0.1
"556",277,205197,3488.03,NA,NA,"linear",-9.13,0.1
"557",277,205198,3488.71,NA,NA,"linear",-9.31,0.1
"558",277,205199,3489.39,NA,NA,"linear",-9.45,0.1
"559",277,205200,3490.07,NA,NA,"linear",-9.52,0.1
"560",277,205201,3490.75,NA,NA,"linear",-9.6,0.1
"561",277,205202,3491.43,NA,NA,"linear",-9.68,0.1
"562",277,205203,3492.11,NA,NA,"linear",-9.77,0.1
"563",277,205204,3492.79,NA,NA,"linear",-9.67,0.1
"564",277,205205,3493.47,NA,NA,"linear",-9.71,0.1
"565",277,205206,3494.15,NA,NA,"linear",-9.77,0.1
"566",277,205207,3494.83,NA,NA,"linear",-9.87,0.1
"567",277,205208,3495.51,NA,NA,"linear",-9.75,0.1
"568",277,205209,3496.19,NA,NA,"linear",-9.58,0.1
"569",277,205210,3496.87,NA,NA,"linear",-9.61,0.1
"570",277,205211,3497.55,NA,NA,"linear",-9.91,0.1
"571",277,205212,3498.23,NA,NA,"linear",-10.28,0.1
"572",277,205213,3498.91,NA,NA,"linear",-10.55,0.1
"573",277,205214,3499.59,NA,NA,"linear",-10.61,0.1
"574",277,205215,3500.27,NA,NA,"linear",-10.46,0.1
"575",277,205216,3500.95,NA,NA,"linear",-10.3,0.1
"576",277,205217,3501.63,NA,NA,"linear",-9.94,0.1
"577",277,205218,3502.31,NA,NA,"linear",-9.92,0.1
"578",277,205219,3502.99,NA,NA,"linear",-10.14,0.1
"579",277,205220,3503.67,NA,NA,"linear",-10.46,0.1
"580",277,205221,3504.35,NA,NA,"linear",-10.62,0.1
"581",277,205222,3505.03,NA,NA,"linear",-10.66,0.1
"582",277,205223,3505.71,NA,NA,"linear",-10.77,0.1
"583",277,205224,3506.39,NA,NA,"linear",-11,0.1
"584",277,205225,3507.07,NA,NA,"linear",-10.82,0.1
"585",277,205226,3507.75,NA,NA,"linear",-10.72,0.1
"586",277,205228,6032.4,NA,NA,"linear between dates",-8.79,0.1
"587",277,205229,6033.63,NA,NA,"linear between dates",-8.89,0.1
"588",277,205230,6034.87,NA,NA,"linear between dates",-8.82,0.1
"589",277,205231,6036.1,NA,NA,"linear between dates",-8.83,0.1
"590",277,205232,6037.34,NA,NA,"linear between dates",-8.73,0.1
"591",277,205233,6038.57,NA,NA,"linear between dates",-8.84,0.1
"592",277,205234,6039.81,NA,NA,"linear between dates",-8.92,0.1
"593",277,205235,6041.04,NA,NA,"linear between dates",-8.88,0.1
"594",277,205236,6042.28,NA,NA,"linear between dates",-8.84,0.1
"595",277,205237,6043.51,NA,NA,"linear between dates",-8.96,0.1
"596",277,205238,6044.75,NA,NA,"linear between dates",-9.26,0.1
"597",277,205239,6045.98,NA,NA,"linear between dates",-9.34,0.1
"598",277,205240,6047.22,NA,NA,"linear between dates",-9.35,0.1
"599",277,205241,6048.45,NA,NA,"linear between dates",-9.25,0.1
"600",277,205242,6049.68,NA,NA,"linear between dates",-9.3,0.1
"601",277,205243,6050.92,NA,NA,"linear between dates",-9.11,0.1
"602",277,205244,6079.73,NA,NA,"linear between dates",-9.27,0.1
"603",277,205245,6108.53,NA,NA,"linear between dates",-9.01,0.1
"604",277,205246,6137.34,NA,NA,"linear between dates",-9.17,0.1
"605",277,205247,6166.15,NA,NA,"linear between dates",-8.99,0.1
"606",277,205248,6194.96,NA,NA,"linear between dates",-9.04,0.1
"607",277,205249,6223.76,NA,NA,"linear between dates",-8.75,0.1
"608",277,205250,6252.57,NA,NA,"linear between dates",-8.52,0.1
"609",277,205251,6281.38,NA,NA,"linear between dates",-7.97,0.1
"610",277,205252,6310.19,NA,NA,"linear between dates",-7.73,0.1
"611",277,205253,6338.99,NA,NA,"linear between dates",-7.47,0.1
"612",277,205254,6367.8,NA,NA,"linear between dates",-7.26,0.1
"613",277,205255,6396.61,NA,NA,"linear between dates",-6.84,0.1
"614",277,205256,6425.42,NA,NA,"linear between dates",-6.49,0.1
"615",277,205257,6459.37,NA,NA,"linear between dates",-6.71,0.1
"616",277,205258,6461.42,NA,NA,"linear between dates",-6.64,0.1
"617",277,205259,6463.48,NA,NA,"linear between dates",-6.69,0.1
"618",277,205260,6465.54,NA,NA,"linear between dates",-6.67,0.1
"619",277,205261,6467.6,NA,NA,"linear between dates",-6.82,0.1
"620",277,205262,6469.65,NA,NA,"linear between dates",-6.69,0.1
"621",277,205263,6471.71,NA,NA,"linear between dates",-6.31,0.1
"622",277,205264,6473.77,NA,NA,"linear between dates",-5.85,0.1
"623",277,205265,6475.83,NA,NA,"linear between dates",-5.41,0.1
"624",277,205266,6477.89,NA,NA,"linear between dates",-5.25,0.1
"625",277,205267,6479.94,NA,NA,"linear between dates",-5.54,0.1
"626",277,205268,6482,NA,NA,"linear between dates",-5.81,0.1
"627",277,205269,6484.06,NA,NA,"linear between dates",-5.96,0.1
"628",277,205270,6486.12,NA,NA,"linear between dates",-5.76,0.1
"629",277,205271,6488.17,NA,NA,"linear between dates",-5.87,0.1
"630",277,205272,6490.23,NA,NA,"linear between dates",-6,0.1
"631",277,205273,6492.29,NA,NA,"linear between dates",-5.9,0.1
"632",277,205274,6494.35,NA,NA,"linear between dates",-5.66,0.1
"633",277,205275,6496.4,NA,NA,"linear between dates",-5.46,0.1
"634",277,205276,6498.46,NA,NA,"linear between dates",-5.45,0.1
"635",277,205277,6500.52,NA,NA,"linear between dates",-5.27,0.1
"636",277,205278,6502.58,NA,NA,"linear between dates",-5.09,0.1
"637",277,205279,6504.64,NA,NA,"linear between dates",-4.97,0.1
"638",277,205280,6506.69,NA,NA,"linear between dates",-5.04,0.1
"639",277,205281,6508.75,NA,NA,"linear between dates",-5.05,0.1
"640",277,205282,6510.81,NA,NA,"linear between dates",-5.05,0.1
"641",277,205283,6512.87,NA,NA,"linear between dates",-4.99,0.1
"642",277,205284,6514.92,NA,NA,"linear between dates",-5.02,0.1
"643",277,205285,6516.98,NA,NA,"linear between dates",-5.03,0.1
"644",277,205286,6519.04,NA,NA,"linear between dates",-5.13,0.1
"645",277,205287,6521.1,NA,NA,"linear between dates",-5.17,0.1
"646",277,205288,6523.15,NA,NA,"linear between dates",-5.16,0.1
"647",277,205289,6525.21,NA,NA,"linear between dates",-4.96,0.1
"648",277,205290,6527.27,NA,NA,"linear between dates",-4.76,0.1
"649",277,205291,6529.33,NA,NA,"linear between dates",-4.52,0.1
"650",277,205292,6531.39,NA,NA,"linear between dates",-4.47,0.1
"651",277,205293,6533.44,NA,NA,"linear between dates",-4.67,0.1
"652",277,205294,6535.5,NA,NA,"linear between dates",-5.07,0.1
"653",277,205295,6537.56,NA,NA,"linear between dates",-5.32,0.1
"654",277,205296,6539.62,NA,NA,"linear between dates",-5.24,0.1
"655",277,205297,6541.67,NA,NA,"linear between dates",-5.05,0.1
"656",277,205298,6543.73,NA,NA,"linear between dates",-4.98,0.1
"657",277,205299,6545.79,NA,NA,"linear between dates",-5.01,0.1
"658",277,205300,6547.85,NA,NA,"linear between dates",-5.24,0.1
"659",277,205301,6549.9,NA,NA,"linear between dates",-5.45,0.1
"660",277,205302,6551.96,NA,NA,"linear between dates",-5.57,0.1
"661",277,205303,6554.02,NA,NA,"linear between dates",-5.9,0.1
"662",277,205304,6556.08,NA,NA,"linear between dates",-6.36,0.1
"663",277,205305,6558.13,NA,NA,"linear between dates",-7.02,0.1
"664",277,205306,6560.19,NA,NA,"linear between dates",-7.5,0.1
"665",277,205307,6562.25,NA,NA,"linear between dates",-7.88,0.1
"666",277,205308,6564.31,NA,NA,"linear between dates",-8.17,0.1
"667",277,205309,6566.37,NA,NA,"linear between dates",-8.2,0.1
"668",277,205310,6568.42,NA,NA,"linear between dates",-8.22,0.1
"669",277,205311,6570.48,NA,NA,"linear between dates",-8.12,0.1
"670",277,205312,6572.54,NA,NA,"linear between dates",-8.12,0.1
"671",277,205313,6574.6,NA,NA,"linear between dates",-7.9,0.1
"672",277,205314,6576.65,NA,NA,"linear between dates",-7.78,0.1
"673",277,205315,6578.71,NA,NA,"linear between dates",-7.64,0.1
"674",277,205316,6580.77,NA,NA,"linear between dates",-7.52,0.1
"675",277,205317,6582.83,NA,NA,"linear between dates",-7.39,0.1
"676",277,205318,6584.88,NA,NA,"linear between dates",-7.16,0.1
"677",277,205319,6586.94,NA,NA,"linear between dates",-6.91,0.1
"678",277,205320,6589,NA,NA,"linear between dates",-6.56,0.1
"679",277,205321,6591.06,NA,NA,"linear between dates",-6.27,0.1
"680",277,205322,6593.12,NA,NA,"linear between dates",-6.17,0.1
"681",277,205323,6595.17,NA,NA,"linear between dates",-6.06,0.1
"682",277,205324,6597.23,NA,NA,"linear between dates",-5.21,0.1
"683",277,205325,6599.29,NA,NA,"linear between dates",-4.17,0.1
"684",277,205326,6601.35,NA,NA,"linear between dates",-3.27,0.1
"685",277,205327,6603.4,NA,NA,"linear between dates",-3.21,0.1
"686",277,205328,6605.46,NA,NA,"linear between dates",-3.5,0.1
"687",277,205329,6607.52,NA,NA,"linear between dates",-3.8,0.1
"688",277,205330,6609.58,NA,NA,"linear between dates",-3.92,0.1
"689",277,205331,6611.63,NA,NA,"linear between dates",-3.73,0.1
"690",277,205332,6613.69,NA,NA,"linear between dates",-3.48,0.1
"691",277,205333,6615.75,NA,NA,"linear between dates",-3.33,0.1
"692",277,205334,6625.01,NA,NA,"linear between dates",-2.88,0.1
"693",277,205335,6627.07,NA,NA,"linear between dates",-2.56,0.1
"694",277,205336,6629.12,NA,NA,"linear between dates",-2.11,0.1
"695",277,205337,6631.18,NA,NA,"linear between dates",-1.75,0.1
"696",277,205338,6633.24,NA,NA,"linear between dates",-1.6,0.1
"697",277,205339,6635.3,NA,NA,"linear between dates",-1.37,0.1
"698",277,205340,6637.36,NA,NA,"linear between dates",-1.21,0.1
"699",277,205341,6639.41,NA,NA,"linear between dates",-1.07,0.1
"700",277,205342,6641.47,NA,NA,"linear between dates",-1.11,0.1
"701",277,205343,6643.53,NA,NA,"linear between dates",-1.12,0.1
"702",277,205344,6645.59,NA,NA,"linear between dates",-1.08,0.1
"703",277,205345,6647.64,NA,NA,"linear between dates",-1.07,0.1
"704",277,205346,6649.7,NA,NA,"linear between dates",-1.04,0.1
"705",277,205347,6651.76,NA,NA,"linear between dates",-1.07,0.1
"706",277,205348,6653.82,NA,NA,"linear between dates",-1.03,0.1
"707",277,205349,6655.87,NA,NA,"linear between dates",-1.05,0.1
"708",277,205350,6657.93,NA,NA,"linear between dates",-1.02,0.1
"709",277,205351,6659.99,NA,NA,"linear between dates",-1.05,0.1
"710",277,205352,6662.05,NA,NA,"linear between dates",-1.13,0.1
"711",277,205353,6664.1,NA,NA,"linear between dates",-1.59,0.1
"712",277,205354,6666.16,NA,NA,"linear between dates",-2.23,0.1
"713",277,205355,6668.22,NA,NA,"linear between dates",-2.33,0.1
"714",277,205356,6670.28,NA,NA,"linear between dates",-1.95,0.1
"715",277,205357,6672.34,NA,NA,"linear between dates",-1.37,0.1
"716",277,205358,6674.39,NA,NA,"linear between dates",-1.24,0.1
"717",277,205359,6676.45,NA,NA,"linear between dates",-1.31,0.1
"718",277,205360,6678.51,NA,NA,"linear between dates",-1.32,0.1
"719",277,205361,6680.57,NA,NA,"linear between dates",-1.33,0.1
"720",277,205362,6682.62,NA,NA,"linear between dates",-1.32,0.1
"721",277,205363,6684.68,NA,NA,"linear between dates",-1.4,0.1
"722",277,205364,6686.74,NA,NA,"linear between dates",-1.49,0.1
"723",277,205365,6688.8,NA,NA,"linear between dates",-1.68,0.1
"724",277,205366,6690.85,NA,NA,"linear between dates",-1.63,0.1
"725",277,205367,6692.91,NA,NA,"linear between dates",-1.63,0.1
"726",277,205368,6694.97,NA,NA,"linear between dates",-1.76,0.1
"727",277,205369,6697.03,NA,NA,"linear between dates",-2.1,0.1
"728",277,205370,6699.09,NA,NA,"linear between dates",-2.59,0.1
"729",277,205371,6701.14,NA,NA,"linear between dates",-2.83,0.1
"730",277,205372,6703.2,NA,NA,"linear between dates",-2.98,0.1
"731",277,205373,6705.26,NA,NA,"linear between dates",-2.9,0.1
"732",277,205374,6707.32,NA,NA,"linear between dates",-2.87,0.1
"733",277,205375,6709.37,NA,NA,"linear between dates",-2.89,0.1
"734",277,205376,6711.43,NA,NA,"linear between dates",-2.84,0.1
"735",277,205377,6713.49,NA,NA,"linear between dates",-2.75,0.1
"736",277,205378,6715.55,NA,NA,"linear between dates",-2.74,0.1
"737",277,205379,6717.6,NA,NA,"linear between dates",-2.91,0.1
"738",277,205380,6719.66,NA,NA,"linear between dates",-3.19,0.1
"739",277,205381,6721.72,NA,NA,"linear between dates",-3.53,0.1
"740",277,205382,6723.78,NA,NA,"linear between dates",-4.02,0.1
"741",277,205383,6725.83,NA,NA,"linear between dates",-4.51,0.1
"742",277,205384,6727.89,NA,NA,"linear between dates",-4.93,0.1
"743",277,205385,6729.95,NA,NA,"linear between dates",-5.15,0.1
"744",277,205386,6732.01,NA,NA,"linear between dates",-5.28,0.1
"745",277,205387,6734.07,NA,NA,"linear between dates",-5.45,0.1
"746",277,205388,6736.12,NA,NA,"linear between dates",-5.62,0.1
"747",277,205389,6738.18,NA,NA,"linear between dates",-5.76,0.1
"748",277,205390,6740.24,NA,NA,"linear between dates",-5.81,0.1
"749",277,205391,6742.3,NA,NA,"linear between dates",-5.92,0.1
"750",277,205392,6744.35,NA,NA,"linear between dates",-6,0.1
"751",277,205393,6746.41,NA,NA,"linear between dates",-6.16,0.1
"752",277,205394,6748.47,NA,NA,"linear between dates",-6.41,0.1
"753",277,205395,6750.53,NA,NA,"linear between dates",-6.75,0.1
"754",277,205396,6752.58,NA,NA,"linear between dates",-6.95,0.1
"755",277,205397,6754.64,NA,NA,"linear between dates",-6.99,0.1
"756",277,205398,6756.7,NA,NA,"linear between dates",-6.92,0.1
"757",277,205399,6758.76,NA,NA,"linear between dates",-6.92,0.1
"758",277,205400,6760.82,NA,NA,"linear between dates",-6.93,0.1
"759",277,205401,6762.87,NA,NA,"linear between dates",-7.05,0.1
"760",277,205402,6764.93,NA,NA,"linear between dates",-7.26,0.1
"761",277,205403,6766.99,NA,NA,"linear between dates",-7.43,0.1
"762",277,205404,6769.05,NA,NA,"linear between dates",-7.56,0.1
"763",277,205405,6773.16,NA,NA,"linear between dates",-8.67,0.1
"764",277,205406,6775.22,NA,NA,"linear between dates",-8.79,0.1
"765",277,205407,6777.28,NA,NA,"linear between dates",-8.77,0.1
"766",277,205408,6779.33,NA,NA,"linear between dates",-8.43,0.1
"767",277,205409,6781.39,NA,NA,"linear between dates",-7.66,0.1
"768",277,205410,6783.45,NA,NA,"linear between dates",-7.1,0.1
"769",277,205411,6785.51,NA,NA,"linear between dates",-6.92,0.1
"770",277,205412,6787.57,NA,NA,"linear between dates",-7.75,0.1
"771",277,205413,6789.62,NA,NA,"linear between dates",-8.97,0.1
"772",277,205414,6791.68,NA,NA,"linear between dates",-9.34,0.1
"773",277,205415,6793.74,NA,NA,"linear between dates",-7.31,0.1
"774",277,205416,6795.8,NA,NA,"linear between dates",-4.55,0.1
"775",277,205417,6797.85,NA,NA,"linear between dates",-2.77,0.1
"776",277,205418,6799.91,NA,NA,"linear between dates",-2.97,0.1
"777",277,205419,6801.97,NA,NA,"linear between dates",-3.97,0.1
"778",277,205420,6804.03,NA,NA,"linear between dates",-5.18,0.1
"779",277,205421,6806.08,NA,NA,"linear between dates",-5.72,0.1
"780",277,205422,6808.14,NA,NA,"linear between dates",-5.33,0.1
"781",277,205423,6810.2,NA,NA,"linear between dates",-4.64,0.1
"782",277,205424,6812.26,NA,NA,"linear between dates",-4.56,0.1
"783",277,205425,6814.31,NA,NA,"linear between dates",-5.07,0.1
"784",277,205426,6816.37,NA,NA,"linear between dates",-5.47,0.1
"785",277,205427,6818.43,NA,NA,"linear between dates",-5.73,0.1
"786",277,205428,6820.49,NA,NA,"linear between dates",-5.73,0.1
"787",277,205429,6822.55,NA,NA,"linear between dates",-5.43,0.1
"788",277,205430,6824.6,NA,NA,"linear between dates",-5.13,0.1
"789",277,205431,6826.66,NA,NA,"linear between dates",-4.93,0.1
"790",277,205432,6828.72,NA,NA,"linear between dates",-4.88,0.1
"791",277,205433,6830.78,NA,NA,"linear between dates",-4.76,0.1
"792",277,205434,6832.83,NA,NA,"linear between dates",-4.7,0.1
"793",277,205435,6834.89,NA,NA,"linear between dates",-4.8,0.1
"794",277,205436,6836.95,NA,NA,"linear between dates",-5.1,0.1
"795",277,205437,6839.01,NA,NA,"linear between dates",-5.45,0.1
"796",277,205438,6841.06,NA,NA,"linear between dates",-5.7,0.1
"797",277,205439,6843.12,NA,NA,"linear between dates",-5.87,0.1
"798",277,205440,6849.3,NA,NA,"linear between dates",-5.99,0.1
"799",277,205441,6851.35,NA,NA,"linear between dates",-5.11,0.1
"800",277,205442,6855.47,NA,NA,"linear between dates",-3.91,0.1
"801",277,205443,6857.53,NA,NA,"linear between dates",-2.64,0.1
"802",277,205444,6859.58,NA,NA,"linear between dates",-2.39,0.1
"803",277,205445,6861.64,NA,NA,"linear between dates",-2.51,0.1
"804",277,205446,6863.7,NA,NA,"linear between dates",-2.69,0.1
"805",277,205447,6865.76,NA,NA,"linear between dates",-2.83,0.1
"806",277,205448,6867.81,NA,NA,"linear between dates",-3.69,0.1
"807",277,205449,6869.87,NA,NA,"linear between dates",-4.11,0.1
"808",277,205450,6873.99,NA,NA,"linear between dates",-4.78,0.1
"809",277,205451,6876.04,NA,NA,"linear between dates",-4.42,0.1
"810",277,205452,6878.1,NA,NA,"linear between dates",-4.46,0.1
"811",277,205453,6880.16,NA,NA,"linear between dates",-4.41,0.1
"812",277,205454,6882.22,NA,NA,"linear between dates",-4.55,0.1
"813",277,205455,6884.28,NA,NA,"linear between dates",-4.66,0.1
"814",277,205456,6886.33,NA,NA,"linear between dates",-4.52,0.1
"815",277,205457,6888.39,NA,NA,"linear between dates",-4.33,0.1
"816",277,205458,6890.45,NA,NA,"linear between dates",-4.23,0.1
"817",277,205459,6892.51,NA,NA,"linear between dates",-4.13,0.1
"818",277,205460,6894.56,NA,NA,"linear between dates",-4.19,0.1
"819",277,205461,6896.62,NA,NA,"linear between dates",-4.21,0.1
"820",277,205462,6898.68,NA,NA,"linear between dates",-4.36,0.1
"821",277,205463,6900.74,NA,NA,"linear between dates",-4.54,0.1
"822",277,205464,6902.79,NA,NA,"linear between dates",-4.7,0.1
"823",277,205465,6904.85,NA,NA,"linear between dates",-4.92,0.1
"824",277,205466,6906.91,NA,NA,"linear between dates",-4.93,0.1
"825",277,205467,6908.97,NA,NA,"linear between dates",-4.91,0.1
"826",277,205468,6911.03,NA,NA,"linear between dates",-4.66,0.1
"827",277,205469,6913.08,NA,NA,"linear between dates",-4.58,0.1
"828",277,205470,6915.14,NA,NA,"linear between dates",-4.53,0.1
"829",277,205471,6917.2,NA,NA,"linear between dates",-4.56,0.1
"830",277,205472,6919.26,NA,NA,"linear between dates",-4.49,0.1
"831",277,205473,6921.31,NA,NA,"linear between dates",-4.56,0.1
"832",277,205474,6923.37,NA,NA,"linear between dates",-4.6,0.1
"833",277,205475,6937.78,NA,NA,"linear between dates",-8.02,0.1
"834",277,205476,6939.83,NA,NA,"linear between dates",-8.02,0.1
"835",277,205477,6943.95,NA,NA,"linear between dates",-7.56,0.1
"836",277,205478,6946.01,NA,NA,"linear between dates",-7.49,0.1
"837",277,205479,6948.06,NA,NA,"linear between dates",-7.37,0.1
"838",277,205480,6950.12,NA,NA,"linear between dates",-7.28,0.1
"839",277,205481,6952.18,NA,NA,"linear between dates",-7.28,0.1
"840",277,205482,6954.24,NA,NA,"linear between dates",-7.32,0.1
"841",277,205483,6956.29,NA,NA,"linear between dates",-7.34,0.1
"842",277,205484,6958.35,NA,NA,"linear between dates",-7.32,0.1
"843",277,205485,6960.41,NA,NA,"linear between dates",-7.34,0.1
"844",277,205486,6962.47,NA,NA,"linear between dates",-7.4,0.1
"845",277,205487,6964.52,NA,NA,"linear between dates",-7.45,0.1
"846",277,205488,6966.58,NA,NA,"linear between dates",-7.42,0.1
"847",277,205489,6968.64,NA,NA,"linear between dates",-7.19,0.1
"848",277,205490,6970.7,NA,NA,"linear between dates",-7.11,0.1
"849",277,205491,6972.76,NA,NA,"linear between dates",-6.94,0.1
"850",277,205492,6974.81,NA,NA,"linear between dates",-6.77,0.1
"851",277,205493,6976.87,NA,NA,"linear between dates",-6.62,0.1
"852",277,205494,6978.93,NA,NA,"linear between dates",-6.52,0.1
"853",277,205495,6980.99,NA,NA,"linear between dates",-6.48,0.1
"854",277,205496,6983.04,NA,NA,"linear between dates",-6.43,0.1
"855",277,205497,6985.1,NA,NA,"linear between dates",-6.34,0.1
"856",277,205498,6987.16,NA,NA,"linear between dates",-6.14,0.1
"857",277,205499,6989.22,NA,NA,"linear between dates",-6.04,0.1
"858",277,205500,6991.27,NA,NA,"linear between dates",-5.9,0.1
"859",277,205501,6993.33,NA,NA,"linear between dates",-5.92,0.1
"860",277,205502,6995.39,NA,NA,"linear between dates",-5.86,0.1
"861",277,205503,6997.45,NA,NA,"linear between dates",-5.75,0.1
"862",277,205504,6999.51,NA,NA,"linear between dates",-5.66,0.1
"863",277,205505,7001.56,NA,NA,"linear between dates",-5.63,0.1
"864",277,205506,7003.62,NA,NA,"linear between dates",-5.77,0.1
"865",277,205507,7005.68,NA,NA,"linear between dates",-5.94,0.1
"866",277,205508,7007.74,NA,NA,"linear between dates",-5.93,0.1
"867",277,205509,7009.79,NA,NA,"linear between dates",-5.85,0.1
"868",277,205510,7011.85,NA,NA,"linear between dates",-5.65,0.1
"869",277,205511,7013.91,NA,NA,"linear between dates",-5.49,0.1
"870",277,205512,7015.97,NA,NA,"linear between dates",-5.25,0.1
"871",277,205513,7018.02,NA,NA,"linear between dates",-4.99,0.1
"872",277,205514,7020.08,NA,NA,"linear between dates",-4.57,0.1
"873",277,205515,7022.14,NA,NA,"linear between dates",-4.22,0.1
"874",277,205516,7024.2,NA,NA,"linear between dates",-3.89,0.1
"875",277,205517,7026.25,NA,NA,"linear between dates",-3.54,0.1
"876",277,205518,7028.31,NA,NA,"linear between dates",-3.28,0.1
"877",277,205519,7030.37,NA,NA,"linear between dates",-2.98,0.1
"878",277,205520,7032.43,NA,NA,"linear between dates",-2.91,0.1
"879",277,205521,7034.49,NA,NA,"linear between dates",-2.61,0.1
"880",277,205522,7036.54,NA,NA,"linear between dates",-2.13,0.1
"881",277,205523,7038.6,NA,NA,"linear between dates",-1.58,0.1
"882",277,205524,7040.66,NA,NA,"linear between dates",-1.14,0.1
"883",277,205525,7042.72,NA,NA,"linear between dates",-0.96,0.1
"884",277,205526,7044.77,NA,NA,"linear between dates",-0.88,0.1
"885",277,205527,7046.83,NA,NA,"linear between dates",-0.82,0.1
"886",277,205528,7048.89,NA,NA,"linear between dates",-0.85,0.1
"887",277,205529,7050.95,NA,NA,"linear between dates",-0.78,0.1
"888",277,205530,7053,NA,NA,"linear between dates",-0.83,0.1
"889",277,205531,7055.06,NA,NA,"linear between dates",-0.79,0.1
"890",277,205532,7057.12,NA,NA,"linear between dates",-0.81,0.1
"891",277,205533,7059.18,NA,NA,"linear between dates",-0.7,0.1
"892",277,205534,7061.24,NA,NA,"linear between dates",-0.65,0.1
"893",277,205535,7063.29,NA,NA,"linear between dates",-0.69,0.1
"894",277,205536,7065.35,NA,NA,"linear between dates",-0.8,0.1
"895",277,205537,7067.41,NA,NA,"linear between dates",-0.96,0.1
"896",277,205538,7069.47,NA,NA,"linear between dates",-1.07,0.1
"897",277,205539,7071.52,NA,NA,"linear between dates",-1.12,0.1
"898",277,205540,7073.58,NA,NA,"linear between dates",-1.11,0.1
"899",277,205541,7075.64,NA,NA,"linear between dates",-1.14,0.1
"900",277,205542,7077.7,NA,NA,"linear between dates",-1.33,0.1
"901",277,205543,7079.75,NA,NA,"linear between dates",-1.54,0.1
"902",277,205544,7081.81,NA,NA,"linear between dates",-1.71,0.1
"903",277,205545,7083.87,NA,NA,"linear between dates",-1.96,0.1
"904",277,205546,7085.93,NA,NA,"linear between dates",-2.19,0.1
"905",277,205547,7087.98,NA,NA,"linear between dates",-2.4,0.1
"906",277,205548,7094.16,NA,NA,"linear between dates",-2.24,0.1
"907",277,205549,7096.22,NA,NA,"linear between dates",-2.06,0.1
"908",277,205550,7098.27,NA,NA,"linear between dates",-1.72,0.1
"909",277,205551,7100.33,NA,NA,"linear between dates",-1.4,0.1
"910",277,205552,7102.39,NA,NA,"linear between dates",-1.29,0.1
"911",277,205553,7104.45,NA,NA,"linear between dates",-1.29,0.1
"912",277,205554,7106.5,NA,NA,"linear between dates",-1.28,0.1
"913",277,205555,7108.56,NA,NA,"linear between dates",-1.34,0.1
"914",277,205556,7110.62,NA,NA,"linear between dates",-1.46,0.1
"915",277,205557,7112.68,NA,NA,"linear between dates",-1.63,0.1
"916",277,205558,7114.73,NA,NA,"linear between dates",-1.67,0.1
"917",277,205559,7116.79,NA,NA,"linear between dates",-1.76,0.1
"918",277,205560,7118.85,NA,NA,"linear between dates",-1.86,0.1
"919",277,205561,7120.91,NA,NA,"linear between dates",-1.95,0.1
"920",277,205562,7122.97,NA,NA,"linear between dates",-1.94,0.1
"921",277,205563,7125.02,NA,NA,"linear between dates",-1.93,0.1
"922",277,205564,7127.08,NA,NA,"linear between dates",-1.89,0.1
"923",277,205565,7129.14,NA,NA,"linear between dates",-1.89,0.1
"924",277,205566,7131.2,NA,NA,"linear between dates",-1.94,0.1
"925",277,205567,7133.25,NA,NA,"linear between dates",-2.07,0.1
"926",277,205568,7135.31,NA,NA,"linear between dates",-2.04,0.1
"927",277,205569,7137.37,NA,NA,"linear between dates",-2.04,0.1
"928",277,205570,7139.43,NA,NA,"linear between dates",-2.09,0.1
"929",277,205571,7141.48,NA,NA,"linear between dates",-2.45,0.1
"930",277,205572,7143.54,NA,NA,"linear between dates",-2.75,0.1
"931",277,205573,7145.6,NA,NA,"linear between dates",-3.05,0.1
"932",277,205574,7147.66,NA,NA,"linear between dates",-3.09,0.1
"933",277,205575,7149.72,NA,NA,"linear between dates",-3.15,0.1
"934",277,205576,7151.77,NA,NA,"linear between dates",-3.11,0.1
"935",277,205577,7153.83,NA,NA,"linear between dates",-2.76,0.1
"936",277,205578,7155.89,NA,NA,"linear between dates",-2.36,0.1
"937",277,205579,7157.95,NA,NA,"linear between dates",-2.43,0.1
"938",277,205580,7160,NA,NA,"linear between dates",-2.4,0.1
"939",277,205581,7162.06,NA,NA,"linear between dates",-2.34,0.1
"940",277,205582,7164.12,NA,NA,"linear between dates",-2.16,0.1
"941",277,205583,7166.18,NA,NA,"linear between dates",-1.86,0.1
"942",277,205584,7168.23,NA,NA,"linear between dates",-1.58,0.1
"943",277,205585,7170.29,NA,NA,"linear between dates",-1.29,0.1
"944",277,205586,7172.35,NA,NA,"linear between dates",-1.13,0.1
"945",277,205587,7174.41,NA,NA,"linear between dates",-0.94,0.1
"946",277,205588,7176.46,NA,NA,"linear between dates",-0.85,0.1
"947",277,205589,7178.52,NA,NA,"linear between dates",-0.92,0.1
"948",277,205590,7180.58,NA,NA,"linear between dates",-1.08,0.1
"949",277,205591,7182.64,NA,NA,"linear between dates",-1.27,0.1
"950",277,205592,7184.7,NA,NA,"linear between dates",-1.64,0.1
"951",277,205593,7186.75,NA,NA,"linear between dates",-2.17,0.1
"952",277,205594,7188.81,NA,NA,"linear between dates",-2.89,0.1
"953",277,205595,7190.87,NA,NA,"linear between dates",-3.63,0.1
"954",277,205596,7192.93,NA,NA,"linear between dates",-4.28,0.1
"955",277,205597,7194.98,NA,NA,"linear between dates",-4.92,0.1
"956",277,205598,7197.04,NA,NA,"linear between dates",-5.34,0.1
"957",277,205599,7199.1,NA,NA,"linear between dates",-6.02,0.1
"958",277,205600,7201.16,NA,NA,"linear between dates",-6.29,0.1
"959",277,205601,7203.21,NA,NA,"linear between dates",-7.45,0.1
"960",277,205602,7205.27,NA,NA,"linear between dates",-8.28,0.1
"961",277,205603,7207.33,NA,NA,"linear between dates",-8.42,0.1
"962",277,205604,7209.39,NA,NA,"linear between dates",-8.67,0.1
"963",277,205605,7211.45,NA,NA,"linear between dates",-8.71,0.1
"964",277,205606,7213.5,NA,NA,"linear between dates",-8.77,0.1
"965",277,205607,7215.56,NA,NA,"linear between dates",-8.7,0.1
"966",277,205608,7217.62,NA,NA,"linear between dates",-8.75,0.1
"967",277,205609,7234.08,NA,NA,"linear between dates",-3.63,0.1
"968",277,205610,7236.14,NA,NA,"linear between dates",-3.81,0.1
"969",277,205611,7238.19,NA,NA,"linear between dates",-4.13,0.1
"970",277,205612,7240.25,NA,NA,"linear between dates",-4.13,0.1
"971",277,205613,7242.31,NA,NA,"linear between dates",-4.14,0.1
"972",277,205614,7244.37,NA,NA,"linear between dates",-4.16,0.1
"973",277,205615,7246.43,NA,NA,"linear between dates",-4.12,0.1
"974",277,205616,7248.48,NA,NA,"linear between dates",-4.42,0.1
"975",277,205617,7250.54,NA,NA,"linear between dates",-5,0.1
"976",277,205618,7252.6,NA,NA,"linear between dates",-5.82,0.1
"977",277,205619,7254.66,NA,NA,"linear between dates",-6.33,0.1
"978",277,205620,7256.71,NA,NA,"linear between dates",-6.5,0.1
"979",277,205621,7258.77,NA,NA,"linear between dates",-6.21,0.1
"980",277,205622,7260.83,NA,NA,"linear between dates",-6,0.1
"981",277,205623,7262.89,NA,NA,"linear between dates",-5.81,0.1
"982",277,205624,7264.94,NA,NA,"linear between dates",-5.85,0.1
"983",277,205625,7267,NA,NA,"linear between dates",-5.72,0.1
"984",277,205626,7269.06,NA,NA,"linear between dates",-5.49,0.1
"985",277,205627,7271.12,NA,NA,"linear between dates",-5.2,0.1
"986",277,205628,7273.18,NA,NA,"linear between dates",-5.13,0.1
"987",277,205629,7275.23,NA,NA,"linear between dates",-5.25,0.1
"988",277,205630,7277.29,NA,NA,"linear between dates",-5.44,0.1
"989",277,205631,7279.35,NA,NA,"linear between dates",-5.62,0.1
"990",277,205632,7281.41,NA,NA,"linear between dates",-5.83,0.1
"991",277,205633,7283.46,NA,NA,"linear between dates",-6.15,0.1
"992",277,205634,7285.52,NA,NA,"linear between dates",-6.33,0.1
"993",277,205635,7287.58,NA,NA,"linear between dates",-6.32,0.1
"994",277,205636,7289.64,NA,NA,"linear between dates",-6.14,0.1
"995",277,205637,7291.69,NA,NA,"linear between dates",-5.76,0.1
"996",277,205638,7293.75,NA,NA,"linear between dates",-5.39,0.1
"997",277,205639,7295.81,NA,NA,"linear between dates",-4.99,0.1
"998",277,205640,7297.87,NA,NA,"linear between dates",-4.82,0.1
"999",277,205641,7299.93,NA,NA,"linear between dates",-4.58,0.1
"1000",277,205642,7301.98,NA,NA,"linear between dates",-4.38,0.1
"1001",277,205643,7304.04,NA,NA,"linear between dates",-4.18,0.1
"1002",277,205644,7306.1,NA,NA,"linear between dates",-4.06,0.1
"1003",277,205645,7308.16,NA,NA,"linear between dates",-3.97,0.1
"1004",277,205646,7310.21,NA,NA,"linear between dates",-3.92,0.1
"1005",277,205647,7312.27,NA,NA,"linear between dates",-4.02,0.1
"1006",277,205648,7314.33,NA,NA,"linear between dates",-4.09,0.1
"1007",277,205649,7316.39,NA,NA,"linear between dates",-4.19,0.1
"1008",277,205650,7318.44,NA,NA,"linear between dates",-4.27,0.1
"1009",277,205651,7320.5,NA,NA,"linear between dates",-4.46,0.1
"1010",277,205652,7322.56,NA,NA,"linear between dates",-4.16,0.1
"1011",277,205653,7324.62,NA,NA,"linear between dates",-3.91,0.1
"1012",277,205654,7326.67,NA,NA,"linear between dates",-3.42,0.1
"1013",277,205655,7341.08,NA,NA,"linear between dates",-3.25,0.1
"1014",277,205656,7343.14,NA,NA,"linear between dates",-3.29,0.1
"1015",277,205657,7345.19,NA,NA,"linear between dates",-3.42,0.1
"1016",277,205658,7347.25,NA,NA,"linear between dates",-3.69,0.1
"1017",277,205659,7349.31,NA,NA,"linear between dates",-3.77,0.1
"1018",277,205660,7376.06,NA,NA,"linear between dates",-5.78,0.1
"1019",277,205661,7378.12,NA,NA,"linear between dates",-5.83,0.1
"1020",277,205662,7380.17,NA,NA,"linear between dates",-5.72,0.1
"1021",277,205663,7382.23,NA,NA,"linear between dates",-5.81,0.1
"1022",277,205664,7384.29,NA,NA,"linear between dates",-5.9,0.1
"1023",277,205665,7386.35,NA,NA,"linear between dates",-5.92,0.1
"1024",277,205666,7392.52,NA,NA,"linear between dates",-5.66,0.1
"1025",277,205667,7398.69,NA,NA,"linear between dates",-5.03,0.1
"1026",277,205668,7400.75,NA,NA,"linear between dates",-4.42,0.1
"1027",277,205669,7402.81,NA,NA,"linear between dates",-4.12,0.1
"1028",277,205670,7404.87,NA,NA,"linear between dates",-4.63,0.1
"1029",277,205671,7411.04,NA,NA,"linear between dates",-5.54,0.1
"1030",277,205672,7413.1,NA,NA,"linear between dates",-6.45,0.1
"1031",277,205673,7415.15,NA,NA,"linear between dates",-6.7,0.1
"1032",277,205674,7417.21,NA,NA,"linear between dates",-7.02,0.1
"1033",277,205675,7419.27,NA,NA,"linear between dates",-7.58,0.1
"1034",277,205676,7421.33,NA,NA,"linear between dates",-8.14,0.1
"1035",277,205677,7423.39,NA,NA,"linear between dates",-8.39,0.1
"1036",277,205678,7425.44,NA,NA,"linear between dates",-8.36,0.1
"1037",277,205679,7427.5,NA,NA,"linear between dates",-7.8,0.1
"1038",277,205680,7437.79,NA,NA,"linear between dates",-7.34,0.1
"1039",277,205681,7439.85,NA,NA,"linear between dates",-6.69,0.1
"1040",277,205682,7441.9,NA,NA,"linear between dates",-7.1,0.1
"1041",277,205683,7443.96,NA,NA,"linear between dates",-7.28,0.1
"1042",277,205684,7446.02,NA,NA,"linear between dates",-7.68,0.1
"1043",277,205685,7448.08,NA,NA,"linear between dates",-7.49,0.1
"1044",277,205686,7450.13,NA,NA,"linear between dates",-7.33,0.1
"1045",277,205687,7452.19,NA,NA,"linear between dates",-7.06,0.1
"1046",277,205688,7454.25,NA,NA,"linear between dates",-7.26,0.1
"1047",277,205689,7456.31,NA,NA,"linear between dates",-7.55,0.1
"1048",277,205690,7458.37,NA,NA,"linear between dates",-7.79,0.1
"1049",277,205691,7460.42,NA,NA,"linear between dates",-7.8,0.1
"1050",277,205692,7462.48,NA,NA,"linear between dates",-7.79,0.1
"1051",277,205693,7464.54,NA,NA,"linear between dates",-8.01,0.1
"1052",277,205694,7466.6,NA,NA,"linear between dates",-8.28,0.1
"1053",277,205695,7468.65,NA,NA,"linear between dates",-8.43,0.1
"1054",277,205696,7470.71,NA,NA,"linear between dates",-8.61,0.1
"1055",277,205697,7472.77,NA,NA,"linear between dates",-8.73,0.1
"1056",277,205698,7478.94,NA,NA,"linear between dates",-8.99,0.1
"1057",277,205699,7481,NA,NA,"linear between dates",-9.15,0.1
"1058",277,205700,7485.63,NA,NA,"linear between dates",-9.05,0.1
"1059",277,205701,7490.25,NA,NA,"linear between dates",-8.86,0.1
"1060",277,205702,7494.88,NA,NA,"linear between dates",-8.63,0.1
"1061",277,205703,7499.5,NA,NA,"linear between dates",-8.56,0.1
"1062",277,205704,7504.13,NA,NA,"linear between dates",-8.71,0.1
"1063",277,205705,7508.75,NA,NA,"linear between dates",-8.59,0.1
"1064",277,205706,7513.38,NA,NA,"linear between dates",-8.55,0.1
"1065",277,205707,7527.26,NA,NA,"linear between dates",-8.36,0.1
"1066",277,205708,7531.88,NA,NA,"linear between dates",-8.32,0.1
"1067",277,205709,7536.51,NA,NA,"linear between dates",-8.05,0.1
"1068",277,205710,7541.13,NA,NA,"linear between dates",-7.88,0.1
"1069",277,205711,7545.76,NA,NA,"linear between dates",-7.66,0.1
"1070",277,205712,7550.38,NA,NA,"linear between dates",-7.64,0.1
"1071",277,205713,7555.01,NA,NA,"linear between dates",-7.61,0.1
"1072",277,205714,7559.63,NA,NA,"linear between dates",-7.61,0.1
"1073",277,205715,7564.26,NA,NA,"linear between dates",-7.52,0.1
"1074",277,205716,7568.88,NA,NA,"linear between dates",-7.35,0.1
"1075",277,205717,7573.51,NA,NA,"linear between dates",-7.11,0.1
"1076",277,205718,7578.14,NA,NA,"linear between dates",-6.65,0.1
"1077",277,205719,7582.76,NA,NA,"linear between dates",-5.97,0.1
"1078",277,205720,7587.39,NA,NA,"linear between dates",-5.05,0.1
"1079",277,205721,7592.01,NA,NA,"linear between dates",-4.35,0.1
"1080",277,205722,7596.64,NA,NA,"linear between dates",-3.9,0.1
"1081",277,205723,7601.26,NA,NA,"linear between dates",-3.59,0.1
"1082",277,205724,7605.89,NA,NA,"linear between dates",-3.11,0.1
"1083",277,205725,7610.51,NA,NA,"linear between dates",-2.41,0.1
"1084",277,205726,7615.14,NA,NA,"linear between dates",-2,0.1
"1085",277,205727,7619.77,NA,NA,"linear between dates",-1.63,0.1
"1086",277,205728,7642.89,NA,NA,"linear between dates",-1.06,0.1
"1087",277,205729,7652.14,NA,NA,"linear between dates",-1.03,0.1
"1088",277,205730,7656.77,NA,NA,"linear between dates",-1.05,0.1
"1089",277,205731,7661.39,NA,NA,"linear between dates",-1.02,0.1
"1090",277,205732,7666.02,NA,NA,"linear between dates",-0.96,0.1
"1091",277,205733,7670.65,NA,NA,"linear between dates",-0.85,0.1
"1092",277,205734,7675.27,NA,NA,"linear between dates",-0.82,0.1
"1093",277,205735,7679.9,NA,NA,"linear between dates",-0.9,0.1
"1094",277,205736,7684.52,NA,NA,"linear between dates",-0.75,0.1
"1095",277,205737,7689.15,NA,NA,"linear between dates",-0.6,0.1
"1096",277,205738,7693.77,NA,NA,"linear between dates",-0.58,0.1
"1097",277,205739,7698.4,NA,NA,"linear between dates",-0.83,0.1
"1098",277,205740,7703.02,NA,NA,"linear between dates",-1.05,0.1
"1099",277,205741,7707.65,NA,NA,"linear between dates",-1.17,0.1
"1100",277,205742,7712.28,NA,NA,"linear between dates",-1.21,0.1
"1101",277,205743,7716.9,NA,NA,"linear between dates",-1.12,0.1
"1102",277,205744,7721.53,NA,NA,"linear between dates",-0.96,0.1
"1103",277,205745,7726.15,NA,NA,"linear between dates",-0.79,0.1
"1104",277,205746,7730.78,NA,NA,"linear between dates",-0.71,0.1
"1105",277,205747,7735.4,NA,NA,"linear between dates",-0.7,0.1
"1106",277,205748,7740.03,NA,NA,"linear between dates",-0.82,0.1
"1107",277,205749,7744.65,NA,NA,"linear between dates",-0.92,0.1
"1108",277,205750,7749.28,NA,NA,"linear between dates",-1,0.1
"1109",277,205751,7753.9,NA,NA,"linear between dates",-0.99,0.1
"1110",277,205752,7758.53,NA,NA,"linear between dates",-0.98,0.1
"1111",277,205753,7763.16,NA,NA,"linear between dates",-0.91,0.1
"1112",277,205754,7767.78,NA,NA,"linear between dates",-0.91,0.1
"1113",277,205755,7772.41,NA,NA,"linear between dates",-0.98,0.1
"1114",277,205756,7777.03,NA,NA,"linear between dates",-1.11,0.1
"1115",277,205757,7781.66,NA,NA,"linear between dates",-1.27,0.1
"1116",277,205758,7786.28,NA,NA,"linear between dates",-1.46,0.1
"1117",277,205759,7790.91,NA,NA,"linear between dates",-1.57,0.1
"1118",277,205760,7795.53,NA,NA,"linear between dates",-1.52,0.1
"1119",277,205761,7800.16,NA,NA,"linear between dates",-1.43,0.1
"1120",277,205762,7804.79,NA,NA,"linear between dates",-1.37,0.1
"1121",277,205763,7809.41,NA,NA,"linear between dates",-1.42,0.1
"1122",277,205764,7814.04,NA,NA,"linear between dates",-1.58,0.1
"1123",277,205765,7818.66,NA,NA,"linear between dates",-1.85,0.1
"1124",277,205766,7823.29,NA,NA,"linear between dates",-2.18,0.1
"1125",277,205767,7827.91,NA,NA,"linear between dates",-2.3,0.1
"1126",277,205768,7832.54,NA,NA,"linear between dates",-2.23,0.1
"1127",277,205769,7837.16,NA,NA,"linear between dates",-2.06,0.1
"1128",277,205770,7841.79,NA,NA,"linear between dates",-2.09,0.1
"1129",277,205771,7846.41,NA,NA,"linear between dates",-2.18,0.1
"1130",277,205772,7851.04,NA,NA,"linear between dates",-2.21,0.1
"1131",277,205773,7855.67,NA,NA,"linear between dates",-2.07,0.1
"1132",277,205774,7860.29,NA,NA,"linear between dates",-1.9,0.1
"1133",277,205775,7864.92,NA,NA,"linear between dates",-1.79,0.1
"1134",277,205776,7869.54,NA,NA,"linear between dates",-1.69,0.1
"1135",277,205777,7874.17,NA,NA,"linear between dates",-1.64,0.1
"1136",277,205778,7878.79,NA,NA,"linear between dates",-1.59,0.1
"1137",277,205779,7883.42,NA,NA,"linear between dates",-1.53,0.1
"1138",277,205780,7888.04,NA,NA,"linear between dates",-1.42,0.1
"1139",277,205781,7892.67,NA,NA,"linear between dates",-1.33,0.1
"1140",277,205782,7897.3,NA,NA,"linear between dates",-1.36,0.1
"1141",277,205783,7901.92,NA,NA,"linear between dates",-1.46,0.1
"1142",277,205784,7906.55,NA,NA,"linear between dates",-1.64,0.1
"1143",277,205785,7911.17,NA,NA,"linear between dates",-1.75,0.1
"1144",277,205786,7915.8,NA,NA,"linear between dates",-1.79,0.1
"1145",277,205787,7920.42,NA,NA,"linear between dates",-1.72,0.1
"1146",277,205788,7925.05,NA,NA,"linear between dates",-1.66,0.1
"1147",277,205789,7929.67,NA,NA,"linear between dates",-1.65,0.1
"1148",277,205790,7934.3,NA,NA,"linear between dates",-1.78,0.1
"1149",277,205791,7938.92,NA,NA,"linear between dates",-1.95,0.1
"1150",277,205792,7943.55,NA,NA,"linear between dates",-2.1,0.1
"1151",277,205793,7952.8,NA,NA,"linear between dates",-2.67,0.1
"1152",277,205794,7957.43,NA,NA,"linear between dates",-2.64,0.1
"1153",277,205795,7962.05,NA,NA,"linear between dates",-2.75,0.1
"1154",277,205796,7966.68,NA,NA,"linear between dates",-3.03,0.1
"1155",277,205797,7971.3,NA,NA,"linear between dates",-3.35,0.1
"1156",277,205798,7975.93,NA,NA,"linear between dates",-3.46,0.1
"1157",277,205799,7980.55,NA,NA,"linear between dates",-3.46,0.1
"1158",277,205800,7985.18,NA,NA,"linear between dates",-3.44,0.1
"1159",277,205801,7989.81,NA,NA,"linear between dates",-3.61,0.1
"1160",277,205802,7994.43,NA,NA,"linear between dates",-3.59,0.1
"1161",277,205803,7999.06,NA,NA,"linear between dates",-3.64,0.1
"1162",277,205804,8031.43,NA,NA,"linear between dates",-3.13,0.1
"1163",277,205805,8036.06,NA,NA,"linear between dates",-2.91,0.1
"1164",277,205806,8040.69,NA,NA,"linear between dates",-2.46,0.1
"1165",277,205807,8045.31,NA,NA,"linear between dates",-2.25,0.1
"1166",277,205808,8049.94,NA,NA,"linear between dates",-2.32,0.1
"1167",277,205809,8054.56,NA,NA,"linear between dates",-2.5,0.1
"1168",277,205810,8059.19,NA,NA,"linear between dates",-2.38,0.1
"1169",277,205811,8063.81,NA,NA,"linear between dates",-2.19,0.1
"1170",277,205812,8068.44,NA,NA,"linear between dates",-2.22,0.1
"1171",277,205813,8073.06,NA,NA,"linear between dates",-2.34,0.1
"1172",277,205814,8077.69,NA,NA,"linear between dates",-2.43,0.1
"1173",277,205815,8082.32,NA,NA,"linear between dates",-2.3,0.1
"1174",277,205816,8086.94,NA,NA,"linear between dates",-2.16,0.1
"1175",277,205817,8091.57,NA,NA,"linear between dates",-2.06,0.1
"1176",277,205818,8096.19,NA,NA,"linear between dates",-2.25,0.1
"1177",277,205819,8100.82,NA,NA,"linear between dates",-2.55,0.1
"1178",277,205820,8105.44,NA,NA,"linear between dates",-2.98,0.1
"1179",277,205821,8110.07,NA,NA,"linear between dates",-3.23,0.1
"1180",277,205822,8114.69,NA,NA,"linear between dates",-3.37,0.1
"1181",277,205823,8119.32,NA,NA,"linear between dates",-3.14,0.1
"1182",277,205824,8133.2,NA,NA,"linear between dates",-2.9,0.1
"1183",277,205825,8137.82,NA,NA,"linear between dates",-2.68,0.1
"1184",277,205826,8142.45,NA,NA,"linear between dates",-2.74,0.1
"1185",277,205827,8147.07,NA,NA,"linear between dates",-2.9,0.1
"1186",277,205828,8151.7,NA,NA,"linear between dates",-2.94,0.1
"1187",277,205829,8156.32,NA,NA,"linear between dates",-2.75,0.1
"1188",277,205830,8160.95,NA,NA,"linear between dates",-2.45,0.1
"1189",277,205831,8165.57,NA,NA,"linear between dates",-2.28,0.1
"1190",277,205832,8170.2,NA,NA,"linear between dates",-2.42,0.1
"1191",277,205833,8174.83,NA,NA,"linear between dates",-2.48,0.1
"1192",277,205834,8179.45,NA,NA,"linear between dates",-2.62,0.1
"1193",277,205835,8184.08,NA,NA,"linear between dates",-2.75,0.1
"1194",277,205836,8197.95,NA,NA,"linear between dates",-3.08,0.1
"1195",277,205837,8202.58,NA,NA,"linear between dates",-3.5,0.1
"1196",277,205838,8207.2,NA,NA,"linear between dates",-3.82,0.1
"1197",277,205839,8211.83,NA,NA,"linear between dates",-3.94,0.1
"1198",277,205840,8216.45,NA,NA,"linear between dates",-3.9,0.1
"1199",277,205841,8221.08,NA,NA,"linear between dates",-3.78,0.1
"1200",277,205842,8225.71,NA,NA,"linear between dates",-3.74,0.1
"1201",277,205843,8230.33,NA,NA,"linear between dates",-3.66,0.1
"1202",277,205844,8234.96,NA,NA,"linear between dates",-3.52,0.1
"1203",277,205845,8239.58,NA,NA,"linear between dates",-3.45,0.1
"1204",277,205846,8244.21,NA,NA,"linear between dates",-3.5,0.1
"1205",277,205847,8248.83,NA,NA,"linear between dates",-3.52,0.1
"1206",277,205848,8253.46,NA,NA,"linear between dates",-3.3,0.1
"1207",277,205849,8258.08,NA,NA,"linear between dates",-3.05,0.1
"1208",277,205850,8262.71,NA,NA,"linear between dates",-2.9,0.1
"1209",277,205851,8267.34,NA,NA,"linear between dates",-2.44,0.1
"1210",277,205852,8271.96,NA,NA,"linear between dates",-1.72,0.1
"1211",277,205853,8276.59,NA,NA,"linear between dates",-0.87,0.1
"1212",277,205854,8281.21,NA,NA,"linear between dates",-0.4,0.1
"1213",277,205855,8285.84,NA,NA,"linear between dates",-0.29,0.1
"1214",277,205856,8290.46,NA,NA,"linear between dates",-0.44,0.1
"1215",277,205857,8295.09,NA,NA,"linear between dates",-0.66,0.1
"1216",277,205858,8299.71,NA,NA,"linear between dates",-0.71,0.1
"1217",277,205859,8304.34,NA,NA,"linear between dates",-0.78,0.1
"1218",277,205860,8308.96,NA,NA,"linear between dates",-0.92,0.1
"1219",277,205861,8313.59,NA,NA,"linear between dates",-0.98,0.1
"1220",277,205862,8318.22,NA,NA,"linear between dates",-0.93,0.1
"1221",277,205863,8322.84,NA,NA,"linear between dates",-0.81,0.1
"1222",277,205864,8327.47,NA,NA,"linear between dates",-1.02,0.1
"1223",277,205865,8332.09,NA,NA,"linear between dates",-1.18,0.1
"1224",277,205866,8336.72,NA,NA,"linear between dates",-1.46,0.1
"1225",277,205867,8341.34,NA,NA,"linear between dates",-1.6,0.1
"1226",277,205868,8345.97,NA,NA,"linear between dates",-1.83,0.1
"1227",277,205869,8350.59,NA,NA,"linear between dates",-1.91,0.1
"1228",277,205870,8355.22,NA,NA,"linear between dates",-1.87,0.1
"1229",277,205871,8359.85,NA,NA,"linear between dates",-1.68,0.1
"1230",277,205872,8364.47,NA,NA,"linear between dates",-1.57,0.1
"1231",277,205873,8369.1,NA,NA,"linear between dates",-1.6,0.1
"1232",277,205874,8373.72,NA,NA,"linear between dates",-1.67,0.1
